"Date","Source","Site ID","POC","Daily Max 8-hour CO Concentration","Units","Daily AQI Value","Local Site Name","Daily Obs Count","Percent Complete","AQS Parameter Code","AQS Parameter Description","Method Code","CBSA Code","CBSA Name","State FIPS Code","State","County FIPS Code","County","Site Latitude","Site Longitude"
"01/01/2022","AQS","490352005","1","0.4","ppm","5","Copper View","19","79.0000","42101","Carbon monoxide","093","41620","Salt Lake City, UT","49","Utah","035","Salt Lake","40.598056","-111.894167"
"01/02/2022","AQS","490352005","1","0.6","ppm","7","Copper View","24","100.0000","42101","Carbon monoxide","093","41620","Salt Lake City, UT","49","Utah","035","Salt Lake","40.598056","-111.894167"
"01/03/2022","AQS","490352005","1","0.8","ppm","9","Copper View","24","100.0000","42101","Carbon monoxide","093","41620","Salt Lake City, UT","49","Utah","035","Salt Lake","40.598056","-111.894167"
"01/04/2022","AQS","490352005","1","0.4","ppm","5","Copper View","24","100.0000","42101","Carbon monoxide","093","41620","Salt Lake City, UT","49","Utah","035","Salt Lake","40.598056","-111.894167"
"01/05/2022","AQS","490352005","1","0.5","ppm","6","Copper View","24","100.0000","42101","Carbon monoxide","093","41620","Salt Lake City, UT","49","Utah","035","Salt Lake","40.598056","-111.894167"
"01/06/2022","AQS","490352005","1","0.5","ppm","6","Copper View","24","100.0000","42101","Carbon monoxide","093","41620","Salt Lake City, UT","49","Utah","035","Salt Lake","40.598056","-111.894167"
"01/07/2022","AQS","490352005","1","0.4","ppm","5","Copper View","24","100.0000","42101","Carbon monoxide","093","41620","Salt Lake City, UT","49","Utah","035","Salt Lake","40.598056","-111.894167"
"01/08/2022","AQS","490352005","1","0.5","ppm","6","Copper View","24","100.0000","42101","Carbon monoxide","093","41620","Salt Lake City, UT","49","Utah","035","Salt Lake","40.598056","-111.894167"
"01/09/2022","AQS","490352005","1","0.6","ppm","7","Copper View","24","100.0000","42101","Carbon monoxide","093","41620","Salt Lake City, UT","49","Utah","035","Salt Lake","40.598056","-111.894167"
"01/10/2022","AQS","490352005","1","0.8","ppm","9","Copper View","24","100.0000","42101","Carbon monoxide","093","41620","Salt Lake City, UT","49","Utah","035","Salt Lake","40.598056","-111.894167"
"01/11/2022","AQS","490352005","1","0.7","ppm","8","Copper View","24","100.0000","42101","Carbon monoxide","093","41620","Salt Lake City, UT","49","Utah","035","Salt Lake","40.598056","-111.894167"
"01/12/2022","AQS","490352005","1","0.8","ppm","9","Copper View","24","100.0000","42101","Carbon monoxide","093","41620","Salt Lake City, UT","49","Utah","035","Salt Lake","40.598056","-111.894167"
"01/13/2022","AQS","490352005","1","0.8","ppm","9","Copper View","24","100.0000","42101","Carbon monoxide","093","41620","Salt Lake City, UT","49","Utah","035","Salt Lake","40.598056","-111.894167"
"01/14/2022","AQS","490352005","1","0.7","ppm","8","Copper View","24","100.0000","42101","Carbon monoxide","093","41620","Salt Lake City, UT","49","Utah","035","Salt Lake","40.598056","-111.894167"
"01/15/2022","AQS","490352005","1","0.7","ppm","8","Copper View","24","100.0000","42101","Carbon monoxide","093","41620","Salt Lake City, UT","49","Utah","035","Salt Lake","40.598056","-111.894167"
"01/16/2022","AQS","490352005","1","0.9","ppm","10","Copper View","24","100.0000","42101","Carbon monoxide","093","41620","Salt Lake City, UT","49","Utah","035","Salt Lake","40.598056","-111.894167"
"01/17/2022","AQS","490352005","1","0.9","ppm","10","Copper View","24","100.0000","42101","Carbon monoxide","093","41620","Salt Lake City, UT","49","Utah","035","Salt Lake","40.598056","-111.894167"
"01/18/2022","AQS","490352005","1","0.9","ppm","10","Copper View","24","100.0000","42101","Carbon monoxide","093","41620","Salt Lake City, UT","49","Utah","035","Salt Lake","40.598056","-111.894167"
"01/19/2022","AQS","490352005","1","0.9","ppm","10","Copper View","24","100.0000","42101","Carbon monoxide","093","41620","Salt Lake City, UT","49","Utah","035","Salt Lake","40.598056","-111.894167"
"01/20/2022","AQS","490352005","1","0.5","ppm","6","Copper View","24","100.0000","42101","Carbon monoxide","093","41620","Salt Lake City, UT","49","Utah","035","Salt Lake","40.598056","-111.894167"
"01/21/2022","AQS","490352005","1","0.4","ppm","5","Copper View","24","100.0000","42101","Carbon monoxide","093","41620","Salt Lake City, UT","49","Utah","035","Salt Lake","40.598056","-111.894167"
"01/22/2022","AQS","490352005","1","0.5","ppm","6","Copper View","24","100.0000","42101","Carbon monoxide","093","41620","Salt Lake City, UT","49","Utah","035","Salt Lake","40.598056","-111.894167"
"01/23/2022","AQS","490352005","1","0.6","ppm","7","Copper View","24","100.0000","42101","Carbon monoxide","093","41620","Salt Lake City, UT","49","Utah","035","Salt Lake","40.598056","-111.894167"
"01/24/2022","AQS","490352005","1","0.9","ppm","10","Copper View","24","100.0000","42101","Carbon monoxide","093","41620","Salt Lake City, UT","49","Utah","035","Salt Lake","40.598056","-111.894167"
"01/25/2022","AQS","490352005","1","0.4","ppm","5","Copper View","20","83.0000","42101","Carbon monoxide","093","41620","Salt Lake City, UT","49","Utah","035","Salt Lake","40.598056","-111.894167"
"01/26/2022","AQS","490352005","1","0.7","ppm","8","Copper View","24","100.0000","42101","Carbon monoxide","093","41620","Salt Lake City, UT","49","Utah","035","Salt Lake","40.598056","-111.894167"
"01/27/2022","AQS","490352005","1","0.7","ppm","8","Copper View","24","100.0000","42101","Carbon monoxide","093","41620","Salt Lake City, UT","49","Utah","035","Salt Lake","40.598056","-111.894167"
"01/28/2022","AQS","490352005","1","0.7","ppm","8","Copper View","24","100.0000","42101","Carbon monoxide","093","41620","Salt Lake City, UT","49","Utah","035","Salt Lake","40.598056","-111.894167"
"01/29/2022","AQS","490352005","1","0.8","ppm","9","Copper View","24","100.0000","42101","Carbon monoxide","093","41620","Salt Lake City, UT","49","Utah","035","Salt Lake","40.598056","-111.894167"
"01/30/2022","AQS","490352005","1","0.8","ppm","9","Copper View","24","100.0000","42101","Carbon monoxide","093","41620","Salt Lake City, UT","49","Utah","035","Salt Lake","40.598056","-111.894167"
"01/31/2022","AQS","490352005","1","0.9","ppm","10","Copper View","24","100.0000","42101","Carbon monoxide","093","41620","Salt Lake City, UT","49","Utah","035","Salt Lake","40.598056","-111.894167"
"02/01/2022","AQS","490352005","1","0.5","ppm","6","Copper View","20","83.0000","42101","Carbon monoxide","093","41620","Salt Lake City, UT","49","Utah","035","Salt Lake","40.598056","-111.894167"
"02/02/2022","AQS","490352005","1","0.5","ppm","6","Copper View","24","100.0000","42101","Carbon monoxide","093","41620","Salt Lake City, UT","49","Utah","035","Salt Lake","40.598056","-111.894167"
"02/03/2022","AQS","490352005","1","0.6","ppm","7","Copper View","24","100.0000","42101","Carbon monoxide","093","41620","Salt Lake City, UT","49","Utah","035","Salt Lake","40.598056","-111.894167"
"02/04/2022","AQS","490352005","1","0.7","ppm","8","Copper View","24","100.0000","42101","Carbon monoxide","093","41620","Salt Lake City, UT","49","Utah","035","Salt Lake","40.598056","-111.894167"
"02/05/2022","AQS","490352005","1","0.8","ppm","9","Copper View","24","100.0000","42101","Carbon monoxide","093","41620","Salt Lake City, UT","49","Utah","035","Salt Lake","40.598056","-111.894167"
"02/06/2022","AQS","490352005","1","0.7","ppm","8","Copper View","24","100.0000","42101","Carbon monoxide","093","41620","Salt Lake City, UT","49","Utah","035","Salt Lake","40.598056","-111.894167"
"02/07/2022","AQS","490352005","1","0.7","ppm","8","Copper View","24","100.0000","42101","Carbon monoxide","093","41620","Salt Lake City, UT","49","Utah","035","Salt Lake","40.598056","-111.894167"
"02/08/2022","AQS","490352005","1","0.9","ppm","10","Copper View","20","83.0000","42101","Carbon monoxide","093","41620","Salt Lake City, UT","49","Utah","035","Salt Lake","40.598056","-111.894167"
"02/09/2022","AQS","490352005","1","0.8","ppm","9","Copper View","24","100.0000","42101","Carbon monoxide","093","41620","Salt Lake City, UT","49","Utah","035","Salt Lake","40.598056","-111.894167"
"02/10/2022","AQS","490352005","1","0.7","ppm","8","Copper View","24","100.0000","42101","Carbon monoxide","093","41620","Salt Lake City, UT","49","Utah","035","Salt Lake","40.598056","-111.894167"
"02/11/2022","AQS","490352005","1","0.7","ppm","8","Copper View","24","100.0000","42101","Carbon monoxide","093","41620","Salt Lake City, UT","49","Utah","035","Salt Lake","40.598056","-111.894167"
"02/12/2022","AQS","490352005","1","0.7","ppm","8","Copper View","24","100.0000","42101","Carbon monoxide","093","41620","Salt Lake City, UT","49","Utah","035","Salt Lake","40.598056","-111.894167"
"02/13/2022","AQS","490352005","1","0.9","ppm","10","Copper View","24","100.0000","42101","Carbon monoxide","093","41620","Salt Lake City, UT","49","Utah","035","Salt Lake","40.598056","-111.894167"
"02/14/2022","AQS","490352005","1","0.6","ppm","7","Copper View","24","100.0000","42101","Carbon monoxide","093","41620","Salt Lake City, UT","49","Utah","035","Salt Lake","40.598056","-111.894167"
"02/15/2022","AQS","490352005","1","0.3","ppm","3","Copper View","20","83.0000","42101","Carbon monoxide","093","41620","Salt Lake City, UT","49","Utah","035","Salt Lake","40.598056","-111.894167"
"02/16/2022","AQS","490352005","1","0.3","ppm","3","Copper View","24","100.0000","42101","Carbon monoxide","093","41620","Salt Lake City, UT","49","Utah","035","Salt Lake","40.598056","-111.894167"
"02/17/2022","AQS","490352005","1","0.6","ppm","7","Copper View","24","100.0000","42101","Carbon monoxide","093","41620","Salt Lake City, UT","49","Utah","035","Salt Lake","40.598056","-111.894167"
"02/18/2022","AQS","490352005","1","0.5","ppm","6","Copper View","24","100.0000","42101","Carbon monoxide","093","41620","Salt Lake City, UT","49","Utah","035","Salt Lake","40.598056","-111.894167"
"02/19/2022","AQS","490352005","1","0.6","ppm","7","Copper View","24","100.0000","42101","Carbon monoxide","093","41620","Salt Lake City, UT","49","Utah","035","Salt Lake","40.598056","-111.894167"
"02/20/2022","AQS","490352005","1","0.4","ppm","5","Copper View","24","100.0000","42101","Carbon monoxide","093","41620","Salt Lake City, UT","49","Utah","035","Salt Lake","40.598056","-111.894167"
"02/21/2022","AQS","490352005","1","0.3","ppm","3","Copper View","24","100.0000","42101","Carbon monoxide","093","41620","Salt Lake City, UT","49","Utah","035","Salt Lake","40.598056","-111.894167"
"02/22/2022","AQS","490352005","1","0.4","ppm","5","Copper View","20","83.0000","42101","Carbon monoxide","093","41620","Salt Lake City, UT","49","Utah","035","Salt Lake","40.598056","-111.894167"
"02/23/2022","AQS","490352005","1","0.3","ppm","3","Copper View","24","100.0000","42101","Carbon monoxide","093","41620","Salt Lake City, UT","49","Utah","035","Salt Lake","40.598056","-111.894167"
"02/24/2022","AQS","490352005","1","0.4","ppm","5","Copper View","24","100.0000","42101","Carbon monoxide","093","41620","Salt Lake City, UT","49","Utah","035","Salt Lake","40.598056","-111.894167"
"02/25/2022","AQS","490352005","1","0.4","ppm","5","Copper View","24","100.0000","42101","Carbon monoxide","093","41620","Salt Lake City, UT","49","Utah","035","Salt Lake","40.598056","-111.894167"
"02/26/2022","AQS","490352005","1","0.5","ppm","6","Copper View","24","100.0000","42101","Carbon monoxide","093","41620","Salt Lake City, UT","49","Utah","035","Salt Lake","40.598056","-111.894167"
"02/27/2022","AQS","490352005","1","0.5","ppm","6","Copper View","24","100.0000","42101","Carbon monoxide","093","41620","Salt Lake City, UT","49","Utah","035","Salt Lake","40.598056","-111.894167"
"02/28/2022","AQS","490352005","1","0.8","ppm","9","Copper View","24","100.0000","42101","Carbon monoxide","093","41620","Salt Lake City, UT","49","Utah","035","Salt Lake","40.598056","-111.894167"
"03/01/2022","AQS","490352005","1","0.8","ppm","9","Copper View","24","100.0000","42101","Carbon monoxide","093","41620","Salt Lake City, UT","49","Utah","035","Salt Lake","40.598056","-111.894167"
"03/02/2022","AQS","490352005","1","0.6","ppm","7","Copper View","24","100.0000","42101","Carbon monoxide","093","41620","Salt Lake City, UT","49","Utah","035","Salt Lake","40.598056","-111.894167"
"03/03/2022","AQS","490352005","1","0.7","ppm","8","Copper View","24","100.0000","42101","Carbon monoxide","093","41620","Salt Lake City, UT","49","Utah","035","Salt Lake","40.598056","-111.894167"
"03/04/2022","AQS","490352005","1","0.3","ppm","3","Copper View","24","100.0000","42101","Carbon monoxide","093","41620","Salt Lake City, UT","49","Utah","035","Salt Lake","40.598056","-111.894167"
"03/05/2022","AQS","490352005","1","0.3","ppm","3","Copper View","24","100.0000","42101","Carbon monoxide","093","41620","Salt Lake City, UT","49","Utah","035","Salt Lake","40.598056","-111.894167"
"03/06/2022","AQS","490352005","1","0.3","ppm","3","Copper View","24","100.0000","42101","Carbon monoxide","093","41620","Salt Lake City, UT","49","Utah","035","Salt Lake","40.598056","-111.894167"
"03/07/2022","AQS","490352005","1","0.4","ppm","5","Copper View","24","100.0000","42101","Carbon monoxide","093","41620","Salt Lake City, UT","49","Utah","035","Salt Lake","40.598056","-111.894167"
"03/08/2022","AQS","490352005","1","0.4","ppm","5","Copper View","24","100.0000","42101","Carbon monoxide","093","41620","Salt Lake City, UT","49","Utah","035","Salt Lake","40.598056","-111.894167"
"03/09/2022","AQS","490352005","1","0.3","ppm","3","Copper View","24","100.0000","42101","Carbon monoxide","093","41620","Salt Lake City, UT","49","Utah","035","Salt Lake","40.598056","-111.894167"
"03/10/2022","AQS","490352005","1","0.4","ppm","5","Copper View","24","100.0000","42101","Carbon monoxide","093","41620","Salt Lake City, UT","49","Utah","035","Salt Lake","40.598056","-111.894167"
"03/11/2022","AQS","490352005","1","0.5","ppm","6","Copper View","24","100.0000","42101","Carbon monoxide","093","41620","Salt Lake City, UT","49","Utah","035","Salt Lake","40.598056","-111.894167"
"03/12/2022","AQS","490352005","1","0.4","ppm","5","Copper View","24","100.0000","42101","Carbon monoxide","093","41620","Salt Lake City, UT","49","Utah","035","Salt Lake","40.598056","-111.894167"
"03/13/2022","AQS","490352005","1","0.4","ppm","5","Copper View","24","100.0000","42101","Carbon monoxide","093","41620","Salt Lake City, UT","49","Utah","035","Salt Lake","40.598056","-111.894167"
"03/14/2022","AQS","490352005","1","0.6","ppm","7","Copper View","24","100.0000","42101","Carbon monoxide","093","41620","Salt Lake City, UT","49","Utah","035","Salt Lake","40.598056","-111.894167"
"03/15/2022","AQS","490352005","1","0.5","ppm","6","Copper View","24","100.0000","42101","Carbon monoxide","093","41620","Salt Lake City, UT","49","Utah","035","Salt Lake","40.598056","-111.894167"
"03/16/2022","AQS","490352005","1","0.4","ppm","5","Copper View","24","100.0000","42101","Carbon monoxide","093","41620","Salt Lake City, UT","49","Utah","035","Salt Lake","40.598056","-111.894167"
"03/17/2022","AQS","490352005","1","0.5","ppm","6","Copper View","24","100.0000","42101","Carbon monoxide","093","41620","Salt Lake City, UT","49","Utah","035","Salt Lake","40.598056","-111.894167"
"03/18/2022","AQS","490352005","1","0.6","ppm","7","Copper View","24","100.0000","42101","Carbon monoxide","093","41620","Salt Lake City, UT","49","Utah","035","Salt Lake","40.598056","-111.894167"
"03/19/2022","AQS","490352005","1","0.4","ppm","5","Copper View","24","100.0000","42101","Carbon monoxide","093","41620","Salt Lake City, UT","49","Utah","035","Salt Lake","40.598056","-111.894167"
"03/20/2022","AQS","490352005","1","0.4","ppm","5","Copper View","24","100.0000","42101","Carbon monoxide","093","41620","Salt Lake City, UT","49","Utah","035","Salt Lake","40.598056","-111.894167"
"03/21/2022","AQS","490352005","1","0.4","ppm","5","Copper View","24","100.0000","42101","Carbon monoxide","093","41620","Salt Lake City, UT","49","Utah","035","Salt Lake","40.598056","-111.894167"
"03/22/2022","AQS","490352005","1","0.7","ppm","8","Copper View","24","100.0000","42101","Carbon monoxide","093","41620","Salt Lake City, UT","49","Utah","035","Salt Lake","40.598056","-111.894167"
"03/23/2022","AQS","490352005","1","0.5","ppm","6","Copper View","24","100.0000","42101","Carbon monoxide","093","41620","Salt Lake City, UT","49","Utah","035","Salt Lake","40.598056","-111.894167"
"03/24/2022","AQS","490352005","1","0.5","ppm","6","Copper View","14","58.0000","42101","Carbon monoxide","093","41620","Salt Lake City, UT","49","Utah","035","Salt Lake","40.598056","-111.894167"
"03/25/2022","AQS","490352005","1","0.2","ppm","2","Copper View","24","100.0000","42101","Carbon monoxide","093","41620","Salt Lake City, UT","49","Utah","035","Salt Lake","40.598056","-111.894167"
"03/26/2022","AQS","490352005","1","0.1","ppm","1","Copper View","24","100.0000","42101","Carbon monoxide","093","41620","Salt Lake City, UT","49","Utah","035","Salt Lake","40.598056","-111.894167"
"03/27/2022","AQS","490352005","1","0.1","ppm","1","Copper View","24","100.0000","42101","Carbon monoxide","093","41620","Salt Lake City, UT","49","Utah","035","Salt Lake","40.598056","-111.894167"
"03/28/2022","AQS","490352005","1","0","ppm","0","Copper View","24","100.0000","42101","Carbon monoxide","093","41620","Salt Lake City, UT","49","Utah","035","Salt Lake","40.598056","-111.894167"
"03/29/2022","AQS","490352005","1","0","ppm","0","Copper View","24","100.0000","42101","Carbon monoxide","093","41620","Salt Lake City, UT","49","Utah","035","Salt Lake","40.598056","-111.894167"
"03/30/2022","AQS","490352005","1","0.1","ppm","1","Copper View","24","100.0000","42101","Carbon monoxide","093","41620","Salt Lake City, UT","49","Utah","035","Salt Lake","40.598056","-111.894167"
"03/31/2022","AQS","490352005","1","0.2","ppm","2","Copper View","24","100.0000","42101","Carbon monoxide","093","41620","Salt Lake City, UT","49","Utah","035","Salt Lake","40.598056","-111.894167"
"04/01/2022","AQS","490352005","1","0.3","ppm","3","Copper View","24","100.0000","42101","Carbon monoxide","093","41620","Salt Lake City, UT","49","Utah","035","Salt Lake","40.598056","-111.894167"
"04/02/2022","AQS","490352005","1","0.2","ppm","2","Copper View","24","100.0000","42101","Carbon monoxide","093","41620","Salt Lake City, UT","49","Utah","035","Salt Lake","40.598056","-111.894167"
"04/03/2022","AQS","490352005","1","0.1","ppm","1","Copper View","24","100.0000","42101","Carbon monoxide","093","41620","Salt Lake City, UT","49","Utah","035","Salt Lake","40.598056","-111.894167"
"04/04/2022","AQS","490352005","1","0.2","ppm","2","Copper View","24","100.0000","42101","Carbon monoxide","093","41620","Salt Lake City, UT","49","Utah","035","Salt Lake","40.598056","-111.894167"
"04/05/2022","AQS","490352005","1","0","ppm","0","Copper View","24","100.0000","42101","Carbon monoxide","093","41620","Salt Lake City, UT","49","Utah","035","Salt Lake","40.598056","-111.894167"
"04/06/2022","AQS","490352005","1","0.4","ppm","5","Copper View","24","100.0000","42101","Carbon monoxide","093","41620","Salt Lake City, UT","49","Utah","035","Salt Lake","40.598056","-111.894167"
"04/07/2022","AQS","490352005","1","0.4","ppm","5","Copper View","24","100.0000","42101","Carbon monoxide","093","41620","Salt Lake City, UT","49","Utah","035","Salt Lake","40.598056","-111.894167"
"04/08/2022","AQS","490352005","1","0.3","ppm","3","Copper View","24","100.0000","42101","Carbon monoxide","093","41620","Salt Lake City, UT","49","Utah","035","Salt Lake","40.598056","-111.894167"
"04/09/2022","AQS","490352005","1","0","ppm","0","Copper View","24","100.0000","42101","Carbon monoxide","093","41620","Salt Lake City, UT","49","Utah","035","Salt Lake","40.598056","-111.894167"
"04/10/2022","AQS","490352005","1","0.1","ppm","1","Copper View","24","100.0000","42101","Carbon monoxide","093","41620","Salt Lake City, UT","49","Utah","035","Salt Lake","40.598056","-111.894167"
"04/11/2022","AQS","490352005","1","0.1","ppm","1","Copper View","24","100.0000","42101","Carbon monoxide","093","41620","Salt Lake City, UT","49","Utah","035","Salt Lake","40.598056","-111.894167"
"04/12/2022","AQS","490352005","1","0.2","ppm","2","Copper View","24","100.0000","42101","Carbon monoxide","093","41620","Salt Lake City, UT","49","Utah","035","Salt Lake","40.598056","-111.894167"
"04/13/2022","AQS","490352005","1","0.1","ppm","1","Copper View","24","100.0000","42101","Carbon monoxide","093","41620","Salt Lake City, UT","49","Utah","035","Salt Lake","40.598056","-111.894167"
"04/14/2022","AQS","490352005","1","0.1","ppm","1","Copper View","24","100.0000","42101","Carbon monoxide","093","41620","Salt Lake City, UT","49","Utah","035","Salt Lake","40.598056","-111.894167"
"04/15/2022","AQS","490352005","1","0.1","ppm","1","Copper View","24","100.0000","42101","Carbon monoxide","093","41620","Salt Lake City, UT","49","Utah","035","Salt Lake","40.598056","-111.894167"
"04/16/2022","AQS","490352005","1","0.2","ppm","2","Copper View","24","100.0000","42101","Carbon monoxide","093","41620","Salt Lake City, UT","49","Utah","035","Salt Lake","40.598056","-111.894167"
"04/17/2022","AQS","490352005","1","0.2","ppm","2","Copper View","24","100.0000","42101","Carbon monoxide","093","41620","Salt Lake City, UT","49","Utah","035","Salt Lake","40.598056","-111.894167"
"04/18/2022","AQS","490352005","1","0.4","ppm","5","Copper View","24","100.0000","42101","Carbon monoxide","093","41620","Salt Lake City, UT","49","Utah","035","Salt Lake","40.598056","-111.894167"
"04/19/2022","AQS","490352005","1","0.1","ppm","1","Copper View","24","100.0000","42101","Carbon monoxide","093","41620","Salt Lake City, UT","49","Utah","035","Salt Lake","40.598056","-111.894167"
"04/20/2022","AQS","490352005","1","0.2","ppm","2","Copper View","24","100.0000","42101","Carbon monoxide","093","41620","Salt Lake City, UT","49","Utah","035","Salt Lake","40.598056","-111.894167"
"04/21/2022","AQS","490352005","1","0.2","ppm","2","Copper View","24","100.0000","42101","Carbon monoxide","093","41620","Salt Lake City, UT","49","Utah","035","Salt Lake","40.598056","-111.894167"
"04/22/2022","AQS","490352005","1","0.1","ppm","1","Copper View","24","100.0000","42101","Carbon monoxide","093","41620","Salt Lake City, UT","49","Utah","035","Salt Lake","40.598056","-111.894167"
"04/23/2022","AQS","490352005","1","0.1","ppm","1","Copper View","24","100.0000","42101","Carbon monoxide","093","41620","Salt Lake City, UT","49","Utah","035","Salt Lake","40.598056","-111.894167"
"04/24/2022","AQS","490352005","1","0.2","ppm","2","Copper View","24","100.0000","42101","Carbon monoxide","093","41620","Salt Lake City, UT","49","Utah","035","Salt Lake","40.598056","-111.894167"
"04/25/2022","AQS","490352005","1","0.2","ppm","2","Copper View","24","100.0000","42101","Carbon monoxide","093","41620","Salt Lake City, UT","49","Utah","035","Salt Lake","40.598056","-111.894167"
"04/26/2022","AQS","490352005","1","0.2","ppm","2","Copper View","24","100.0000","42101","Carbon monoxide","093","41620","Salt Lake City, UT","49","Utah","035","Salt Lake","40.598056","-111.894167"
"04/27/2022","AQS","490352005","1","0.3","ppm","3","Copper View","24","100.0000","42101","Carbon monoxide","093","41620","Salt Lake City, UT","49","Utah","035","Salt Lake","40.598056","-111.894167"
"04/28/2022","AQS","490352005","1","0.2","ppm","2","Copper View","24","100.0000","42101","Carbon monoxide","093","41620","Salt Lake City, UT","49","Utah","035","Salt Lake","40.598056","-111.894167"
"04/29/2022","AQS","490352005","1","0.2","ppm","2","Copper View","24","100.0000","42101","Carbon monoxide","093","41620","Salt Lake City, UT","49","Utah","035","Salt Lake","40.598056","-111.894167"
"04/30/2022","AQS","490352005","1","0.2","ppm","2","Copper View","24","100.0000","42101","Carbon monoxide","093","41620","Salt Lake City, UT","49","Utah","035","Salt Lake","40.598056","-111.894167"
"05/01/2022","AQS","490352005","1","0.1","ppm","1","Copper View","24","100.0000","42101","Carbon monoxide","093","41620","Salt Lake City, UT","49","Utah","035","Salt Lake","40.598056","-111.894167"
"05/02/2022","AQS","490352005","1","0.1","ppm","1","Copper View","24","100.0000","42101","Carbon monoxide","093","41620","Salt Lake City, UT","49","Utah","035","Salt Lake","40.598056","-111.894167"
"05/03/2022","AQS","490352005","1","0.1","ppm","1","Copper View","24","100.0000","42101","Carbon monoxide","093","41620","Salt Lake City, UT","49","Utah","035","Salt Lake","40.598056","-111.894167"
"05/04/2022","AQS","490352005","1","0.1","ppm","1","Copper View","24","100.0000","42101","Carbon monoxide","093","41620","Salt Lake City, UT","49","Utah","035","Salt Lake","40.598056","-111.894167"
"05/05/2022","AQS","490352005","1","0.1","ppm","1","Copper View","24","100.0000","42101","Carbon monoxide","093","41620","Salt Lake City, UT","49","Utah","035","Salt Lake","40.598056","-111.894167"
"05/06/2022","AQS","490352005","1","0.1","ppm","1","Copper View","24","100.0000","42101","Carbon monoxide","093","41620","Salt Lake City, UT","49","Utah","035","Salt Lake","40.598056","-111.894167"
"05/07/2022","AQS","490352005","1","0","ppm","0","Copper View","24","100.0000","42101","Carbon monoxide","093","41620","Salt Lake City, UT","49","Utah","035","Salt Lake","40.598056","-111.894167"
"05/08/2022","AQS","490352005","1","0","ppm","0","Copper View","24","100.0000","42101","Carbon monoxide","093","41620","Salt Lake City, UT","49","Utah","035","Salt Lake","40.598056","-111.894167"
"05/09/2022","AQS","490352005","1","0.1","ppm","1","Copper View","24","100.0000","42101","Carbon monoxide","093","41620","Salt Lake City, UT","49","Utah","035","Salt Lake","40.598056","-111.894167"
"05/10/2022","AQS","490352005","1","0.2","ppm","2","Copper View","24","100.0000","42101","Carbon monoxide","093","41620","Salt Lake City, UT","49","Utah","035","Salt Lake","40.598056","-111.894167"
"05/11/2022","AQS","490352005","1","0.2","ppm","2","Copper View","24","100.0000","42101","Carbon monoxide","093","41620","Salt Lake City, UT","49","Utah","035","Salt Lake","40.598056","-111.894167"
"05/12/2022","AQS","490352005","1","0.1","ppm","1","Copper View","24","100.0000","42101","Carbon monoxide","093","41620","Salt Lake City, UT","49","Utah","035","Salt Lake","40.598056","-111.894167"
"05/13/2022","AQS","490352005","1","0.2","ppm","2","Copper View","24","100.0000","42101","Carbon monoxide","093","41620","Salt Lake City, UT","49","Utah","035","Salt Lake","40.598056","-111.894167"
"05/14/2022","AQS","490352005","1","0.3","ppm","3","Copper View","24","100.0000","42101","Carbon monoxide","093","41620","Salt Lake City, UT","49","Utah","035","Salt Lake","40.598056","-111.894167"
"05/15/2022","AQS","490352005","1","0.2","ppm","2","Copper View","24","100.0000","42101","Carbon monoxide","093","41620","Salt Lake City, UT","49","Utah","035","Salt Lake","40.598056","-111.894167"
"05/16/2022","AQS","490352005","1","0.2","ppm","2","Copper View","24","100.0000","42101","Carbon monoxide","093","41620","Salt Lake City, UT","49","Utah","035","Salt Lake","40.598056","-111.894167"
"05/17/2022","AQS","490352005","1","0.1","ppm","1","Copper View","24","100.0000","42101","Carbon monoxide","093","41620","Salt Lake City, UT","49","Utah","035","Salt Lake","40.598056","-111.894167"
"05/18/2022","AQS","490352005","1","0.2","ppm","2","Copper View","24","100.0000","42101","Carbon monoxide","093","41620","Salt Lake City, UT","49","Utah","035","Salt Lake","40.598056","-111.894167"
"05/19/2022","AQS","490352005","1","0.2","ppm","2","Copper View","24","100.0000","42101","Carbon monoxide","093","41620","Salt Lake City, UT","49","Utah","035","Salt Lake","40.598056","-111.894167"
"05/20/2022","AQS","490352005","1","0.1","ppm","1","Copper View","24","100.0000","42101","Carbon monoxide","093","41620","Salt Lake City, UT","49","Utah","035","Salt Lake","40.598056","-111.894167"
"05/21/2022","AQS","490352005","1","0.2","ppm","2","Copper View","24","100.0000","42101","Carbon monoxide","093","41620","Salt Lake City, UT","49","Utah","035","Salt Lake","40.598056","-111.894167"
"05/22/2022","AQS","490352005","1","0.2","ppm","2","Copper View","24","100.0000","42101","Carbon monoxide","093","41620","Salt Lake City, UT","49","Utah","035","Salt Lake","40.598056","-111.894167"
"05/23/2022","AQS","490352005","1","0.1","ppm","1","Copper View","24","100.0000","42101","Carbon monoxide","093","41620","Salt Lake City, UT","49","Utah","035","Salt Lake","40.598056","-111.894167"
"05/24/2022","AQS","490352005","1","0.2","ppm","2","Copper View","24","100.0000","42101","Carbon monoxide","093","41620","Salt Lake City, UT","49","Utah","035","Salt Lake","40.598056","-111.894167"
"05/25/2022","AQS","490352005","1","0.2","ppm","2","Copper View","24","100.0000","42101","Carbon monoxide","093","41620","Salt Lake City, UT","49","Utah","035","Salt Lake","40.598056","-111.894167"
"05/26/2022","AQS","490352005","1","0.1","ppm","1","Copper View","24","100.0000","42101","Carbon monoxide","093","41620","Salt Lake City, UT","49","Utah","035","Salt Lake","40.598056","-111.894167"
"05/27/2022","AQS","490352005","1","0.1","ppm","1","Copper View","24","100.0000","42101","Carbon monoxide","093","41620","Salt Lake City, UT","49","Utah","035","Salt Lake","40.598056","-111.894167"
"05/28/2022","AQS","490352005","1","0.1","ppm","1","Copper View","24","100.0000","42101","Carbon monoxide","093","41620","Salt Lake City, UT","49","Utah","035","Salt Lake","40.598056","-111.894167"
"05/29/2022","AQS","490352005","1","0.1","ppm","1","Copper View","24","100.0000","42101","Carbon monoxide","093","41620","Salt Lake City, UT","49","Utah","035","Salt Lake","40.598056","-111.894167"
"05/30/2022","AQS","490352005","1","0.1","ppm","1","Copper View","24","100.0000","42101","Carbon monoxide","093","41620","Salt Lake City, UT","49","Utah","035","Salt Lake","40.598056","-111.894167"
"05/31/2022","AQS","490352005","1","0.3","ppm","3","Copper View","24","100.0000","42101","Carbon monoxide","093","41620","Salt Lake City, UT","49","Utah","035","Salt Lake","40.598056","-111.894167"
"06/01/2022","AQS","490352005","1","0.2","ppm","2","Copper View","24","100.0000","42101","Carbon monoxide","093","41620","Salt Lake City, UT","49","Utah","035","Salt Lake","40.598056","-111.894167"
"06/02/2022","AQS","490352005","1","0.2","ppm","2","Copper View","24","100.0000","42101","Carbon monoxide","093","41620","Salt Lake City, UT","49","Utah","035","Salt Lake","40.598056","-111.894167"
"06/03/2022","AQS","490352005","1","0.2","ppm","2","Copper View","24","100.0000","42101","Carbon monoxide","093","41620","Salt Lake City, UT","49","Utah","035","Salt Lake","40.598056","-111.894167"
"06/04/2022","AQS","490352005","1","0.2","ppm","2","Copper View","24","100.0000","42101","Carbon monoxide","093","41620","Salt Lake City, UT","49","Utah","035","Salt Lake","40.598056","-111.894167"
"06/05/2022","AQS","490352005","1","0.1","ppm","1","Copper View","24","100.0000","42101","Carbon monoxide","093","41620","Salt Lake City, UT","49","Utah","035","Salt Lake","40.598056","-111.894167"
"06/06/2022","AQS","490352005","1","0.1","ppm","1","Copper View","24","100.0000","42101","Carbon monoxide","093","41620","Salt Lake City, UT","49","Utah","035","Salt Lake","40.598056","-111.894167"
"06/07/2022","AQS","490352005","1","0.2","ppm","2","Copper View","24","100.0000","42101","Carbon monoxide","093","41620","Salt Lake City, UT","49","Utah","035","Salt Lake","40.598056","-111.894167"
"06/08/2022","AQS","490352005","1","0.2","ppm","2","Copper View","24","100.0000","42101","Carbon monoxide","093","41620","Salt Lake City, UT","49","Utah","035","Salt Lake","40.598056","-111.894167"
"06/09/2022","AQS","490352005","1","0.2","ppm","2","Copper View","24","100.0000","42101","Carbon monoxide","093","41620","Salt Lake City, UT","49","Utah","035","Salt Lake","40.598056","-111.894167"
"06/10/2022","AQS","490352005","1","0.2","ppm","2","Copper View","24","100.0000","42101","Carbon monoxide","093","41620","Salt Lake City, UT","49","Utah","035","Salt Lake","40.598056","-111.894167"
"06/11/2022","AQS","490352005","1","0.2","ppm","2","Copper View","24","100.0000","42101","Carbon monoxide","093","41620","Salt Lake City, UT","49","Utah","035","Salt Lake","40.598056","-111.894167"
"06/12/2022","AQS","490352005","1","0.2","ppm","2","Copper View","24","100.0000","42101","Carbon monoxide","093","41620","Salt Lake City, UT","49","Utah","035","Salt Lake","40.598056","-111.894167"
"06/13/2022","AQS","490352005","1","0","ppm","0","Copper View","24","100.0000","42101","Carbon monoxide","093","41620","Salt Lake City, UT","49","Utah","035","Salt Lake","40.598056","-111.894167"
"06/14/2022","AQS","490352005","1","0","ppm","0","Copper View","24","100.0000","42101","Carbon monoxide","093","41620","Salt Lake City, UT","49","Utah","035","Salt Lake","40.598056","-111.894167"
"06/15/2022","AQS","490352005","1","0.2","ppm","2","Copper View","24","100.0000","42101","Carbon monoxide","093","41620","Salt Lake City, UT","49","Utah","035","Salt Lake","40.598056","-111.894167"
"06/16/2022","AQS","490352005","1","0.2","ppm","2","Copper View","24","100.0000","42101","Carbon monoxide","093","41620","Salt Lake City, UT","49","Utah","035","Salt Lake","40.598056","-111.894167"
"06/17/2022","AQS","490352005","1","0.1","ppm","1","Copper View","24","100.0000","42101","Carbon monoxide","093","41620","Salt Lake City, UT","49","Utah","035","Salt Lake","40.598056","-111.894167"
"06/18/2022","AQS","490352005","1","0.1","ppm","1","Copper View","24","100.0000","42101","Carbon monoxide","093","41620","Salt Lake City, UT","49","Utah","035","Salt Lake","40.598056","-111.894167"
"06/19/2022","AQS","490352005","1","0","ppm","0","Copper View","24","100.0000","42101","Carbon monoxide","093","41620","Salt Lake City, UT","49","Utah","035","Salt Lake","40.598056","-111.894167"
"06/20/2022","AQS","490352005","1","0","ppm","0","Copper View","24","100.0000","42101","Carbon monoxide","093","41620","Salt Lake City, UT","49","Utah","035","Salt Lake","40.598056","-111.894167"
"06/21/2022","AQS","490352005","1","0.1","ppm","1","Copper View","24","100.0000","42101","Carbon monoxide","093","41620","Salt Lake City, UT","49","Utah","035","Salt Lake","40.598056","-111.894167"
"06/22/2022","AQS","490352005","1","0.2","ppm","2","Copper View","24","100.0000","42101","Carbon monoxide","093","41620","Salt Lake City, UT","49","Utah","035","Salt Lake","40.598056","-111.894167"
"06/23/2022","AQS","490352005","1","0.1","ppm","1","Copper View","24","100.0000","42101","Carbon monoxide","093","41620","Salt Lake City, UT","49","Utah","035","Salt Lake","40.598056","-111.894167"
"06/24/2022","AQS","490352005","1","0.1","ppm","1","Copper View","24","100.0000","42101","Carbon monoxide","093","41620","Salt Lake City, UT","49","Utah","035","Salt Lake","40.598056","-111.894167"
"06/25/2022","AQS","490352005","1","0.1","ppm","1","Copper View","24","100.0000","42101","Carbon monoxide","093","41620","Salt Lake City, UT","49","Utah","035","Salt Lake","40.598056","-111.894167"
"06/26/2022","AQS","490352005","1","0.2","ppm","2","Copper View","24","100.0000","42101","Carbon monoxide","093","41620","Salt Lake City, UT","49","Utah","035","Salt Lake","40.598056","-111.894167"
"06/27/2022","AQS","490352005","1","0.1","ppm","1","Copper View","24","100.0000","42101","Carbon monoxide","093","41620","Salt Lake City, UT","49","Utah","035","Salt Lake","40.598056","-111.894167"
"06/28/2022","AQS","490352005","1","0.1","ppm","1","Copper View","24","100.0000","42101","Carbon monoxide","093","41620","Salt Lake City, UT","49","Utah","035","Salt Lake","40.598056","-111.894167"
"06/29/2022","AQS","490352005","1","0.1","ppm","1","Copper View","24","100.0000","42101","Carbon monoxide","093","41620","Salt Lake City, UT","49","Utah","035","Salt Lake","40.598056","-111.894167"
"06/30/2022","AQS","490352005","1","0.1","ppm","1","Copper View","24","100.0000","42101","Carbon monoxide","093","41620","Salt Lake City, UT","49","Utah","035","Salt Lake","40.598056","-111.894167"
"07/01/2022","AQS","490352005","1","0","ppm","0","Copper View","24","100.0000","42101","Carbon monoxide","093","41620","Salt Lake City, UT","49","Utah","035","Salt Lake","40.598056","-111.894167"
"07/02/2022","AQS","490352005","1","0","ppm","0","Copper View","24","100.0000","42101","Carbon monoxide","093","41620","Salt Lake City, UT","49","Utah","035","Salt Lake","40.598056","-111.894167"
"07/03/2022","AQS","490352005","1","0","ppm","0","Copper View","24","100.0000","42101","Carbon monoxide","093","41620","Salt Lake City, UT","49","Utah","035","Salt Lake","40.598056","-111.894167"
"07/04/2022","AQS","490352005","1","0","ppm","0","Copper View","24","100.0000","42101","Carbon monoxide","093","41620","Salt Lake City, UT","49","Utah","035","Salt Lake","40.598056","-111.894167"
"07/05/2022","AQS","490352005","1","0","ppm","0","Copper View","24","100.0000","42101","Carbon monoxide","093","41620","Salt Lake City, UT","49","Utah","035","Salt Lake","40.598056","-111.894167"
"07/06/2022","AQS","490352005","1","0","ppm","0","Copper View","24","100.0000","42101","Carbon monoxide","093","41620","Salt Lake City, UT","49","Utah","035","Salt Lake","40.598056","-111.894167"
"07/07/2022","AQS","490352005","1","0.1","ppm","1","Copper View","24","100.0000","42101","Carbon monoxide","093","41620","Salt Lake City, UT","49","Utah","035","Salt Lake","40.598056","-111.894167"
"07/08/2022","AQS","490352005","1","0.1","ppm","1","Copper View","24","100.0000","42101","Carbon monoxide","093","41620","Salt Lake City, UT","49","Utah","035","Salt Lake","40.598056","-111.894167"
"07/09/2022","AQS","490352005","1","0.1","ppm","1","Copper View","24","100.0000","42101","Carbon monoxide","093","41620","Salt Lake City, UT","49","Utah","035","Salt Lake","40.598056","-111.894167"
"07/10/2022","AQS","490352005","1","0.1","ppm","1","Copper View","24","100.0000","42101","Carbon monoxide","093","41620","Salt Lake City, UT","49","Utah","035","Salt Lake","40.598056","-111.894167"
"07/11/2022","AQS","490352005","1","0.2","ppm","2","Copper View","24","100.0000","42101","Carbon monoxide","093","41620","Salt Lake City, UT","49","Utah","035","Salt Lake","40.598056","-111.894167"
"07/12/2022","AQS","490352005","1","0.2","ppm","2","Copper View","24","100.0000","42101","Carbon monoxide","093","41620","Salt Lake City, UT","49","Utah","035","Salt Lake","40.598056","-111.894167"
"07/13/2022","AQS","490352005","1","0","ppm","0","Copper View","24","100.0000","42101","Carbon monoxide","093","41620","Salt Lake City, UT","49","Utah","035","Salt Lake","40.598056","-111.894167"
"07/14/2022","AQS","490352005","1","0.1","ppm","1","Copper View","24","100.0000","42101","Carbon monoxide","093","41620","Salt Lake City, UT","49","Utah","035","Salt Lake","40.598056","-111.894167"
"07/15/2022","AQS","490352005","1","0.1","ppm","1","Copper View","24","100.0000","42101","Carbon monoxide","093","41620","Salt Lake City, UT","49","Utah","035","Salt Lake","40.598056","-111.894167"
"07/16/2022","AQS","490352005","1","0.2","ppm","2","Copper View","24","100.0000","42101","Carbon monoxide","093","41620","Salt Lake City, UT","49","Utah","035","Salt Lake","40.598056","-111.894167"
"07/17/2022","AQS","490352005","1","0.2","ppm","2","Copper View","24","100.0000","42101","Carbon monoxide","093","41620","Salt Lake City, UT","49","Utah","035","Salt Lake","40.598056","-111.894167"
"07/18/2022","AQS","490352005","1","0.1","ppm","1","Copper View","24","100.0000","42101","Carbon monoxide","093","41620","Salt Lake City, UT","49","Utah","035","Salt Lake","40.598056","-111.894167"
"07/19/2022","AQS","490352005","1","0.1","ppm","1","Copper View","24","100.0000","42101","Carbon monoxide","093","41620","Salt Lake City, UT","49","Utah","035","Salt Lake","40.598056","-111.894167"
"07/20/2022","AQS","490352005","1","0.1","ppm","1","Copper View","24","100.0000","42101","Carbon monoxide","093","41620","Salt Lake City, UT","49","Utah","035","Salt Lake","40.598056","-111.894167"
"07/21/2022","AQS","490352005","1","0.2","ppm","2","Copper View","24","100.0000","42101","Carbon monoxide","093","41620","Salt Lake City, UT","49","Utah","035","Salt Lake","40.598056","-111.894167"
"07/22/2022","AQS","490352005","1","0.1","ppm","1","Copper View","24","100.0000","42101","Carbon monoxide","093","41620","Salt Lake City, UT","49","Utah","035","Salt Lake","40.598056","-111.894167"
"07/23/2022","AQS","490352005","1","0.2","ppm","2","Copper View","24","100.0000","42101","Carbon monoxide","093","41620","Salt Lake City, UT","49","Utah","035","Salt Lake","40.598056","-111.894167"
"07/24/2022","AQS","490352005","1","0.1","ppm","1","Copper View","24","100.0000","42101","Carbon monoxide","093","41620","Salt Lake City, UT","49","Utah","035","Salt Lake","40.598056","-111.894167"
"07/25/2022","AQS","490352005","1","0.1","ppm","1","Copper View","24","100.0000","42101","Carbon monoxide","093","41620","Salt Lake City, UT","49","Utah","035","Salt Lake","40.598056","-111.894167"
"07/26/2022","AQS","490352005","1","0.2","ppm","2","Copper View","24","100.0000","42101","Carbon monoxide","093","41620","Salt Lake City, UT","49","Utah","035","Salt Lake","40.598056","-111.894167"
"07/27/2022","AQS","490352005","1","0.2","ppm","2","Copper View","24","100.0000","42101","Carbon monoxide","093","41620","Salt Lake City, UT","49","Utah","035","Salt Lake","40.598056","-111.894167"
"07/28/2022","AQS","490352005","1","0.1","ppm","1","Copper View","24","100.0000","42101","Carbon monoxide","093","41620","Salt Lake City, UT","49","Utah","035","Salt Lake","40.598056","-111.894167"
"07/29/2022","AQS","490352005","1","0","ppm","0","Copper View","24","100.0000","42101","Carbon monoxide","093","41620","Salt Lake City, UT","49","Utah","035","Salt Lake","40.598056","-111.894167"
"07/30/2022","AQS","490352005","1","0","ppm","0","Copper View","24","100.0000","42101","Carbon monoxide","093","41620","Salt Lake City, UT","49","Utah","035","Salt Lake","40.598056","-111.894167"
"07/31/2022","AQS","490352005","1","0.1","ppm","1","Copper View","24","100.0000","42101","Carbon monoxide","093","41620","Salt Lake City, UT","49","Utah","035","Salt Lake","40.598056","-111.894167"
"08/01/2022","AQS","490352005","1","0","ppm","0","Copper View","24","100.0000","42101","Carbon monoxide","093","41620","Salt Lake City, UT","49","Utah","035","Salt Lake","40.598056","-111.894167"
"08/02/2022","AQS","490352005","1","0","ppm","0","Copper View","24","100.0000","42101","Carbon monoxide","093","41620","Salt Lake City, UT","49","Utah","035","Salt Lake","40.598056","-111.894167"
"08/03/2022","AQS","490352005","1","0.1","ppm","1","Copper View","24","100.0000","42101","Carbon monoxide","093","41620","Salt Lake City, UT","49","Utah","035","Salt Lake","40.598056","-111.894167"
"08/04/2022","AQS","490352005","1","0.2","ppm","2","Copper View","24","100.0000","42101","Carbon monoxide","093","41620","Salt Lake City, UT","49","Utah","035","Salt Lake","40.598056","-111.894167"
"08/05/2022","AQS","490352005","1","0.2","ppm","2","Copper View","24","100.0000","42101","Carbon monoxide","093","41620","Salt Lake City, UT","49","Utah","035","Salt Lake","40.598056","-111.894167"
"08/06/2022","AQS","490352005","1","0.1","ppm","1","Copper View","24","100.0000","42101","Carbon monoxide","093","41620","Salt Lake City, UT","49","Utah","035","Salt Lake","40.598056","-111.894167"
"08/07/2022","AQS","490352005","1","0.1","ppm","1","Copper View","24","100.0000","42101","Carbon monoxide","093","41620","Salt Lake City, UT","49","Utah","035","Salt Lake","40.598056","-111.894167"
"08/08/2022","AQS","490352005","1","0.2","ppm","2","Copper View","24","100.0000","42101","Carbon monoxide","093","41620","Salt Lake City, UT","49","Utah","035","Salt Lake","40.598056","-111.894167"
"08/09/2022","AQS","490352005","1","0.2","ppm","2","Copper View","24","100.0000","42101","Carbon monoxide","093","41620","Salt Lake City, UT","49","Utah","035","Salt Lake","40.598056","-111.894167"
"08/10/2022","AQS","490352005","1","0.2","ppm","2","Copper View","24","100.0000","42101","Carbon monoxide","093","41620","Salt Lake City, UT","49","Utah","035","Salt Lake","40.598056","-111.894167"
"08/11/2022","AQS","490352005","1","0","ppm","0","Copper View","24","100.0000","42101","Carbon monoxide","093","41620","Salt Lake City, UT","49","Utah","035","Salt Lake","40.598056","-111.894167"
"08/12/2022","AQS","490352005","1","0.1","ppm","1","Copper View","24","100.0000","42101","Carbon monoxide","093","41620","Salt Lake City, UT","49","Utah","035","Salt Lake","40.598056","-111.894167"
"08/13/2022","AQS","490352005","1","0.1","ppm","1","Copper View","24","100.0000","42101","Carbon monoxide","093","41620","Salt Lake City, UT","49","Utah","035","Salt Lake","40.598056","-111.894167"
"08/14/2022","AQS","490352005","1","0","ppm","0","Copper View","24","100.0000","42101","Carbon monoxide","093","41620","Salt Lake City, UT","49","Utah","035","Salt Lake","40.598056","-111.894167"
"08/15/2022","AQS","490352005","1","0.1","ppm","1","Copper View","24","100.0000","42101","Carbon monoxide","093","41620","Salt Lake City, UT","49","Utah","035","Salt Lake","40.598056","-111.894167"
"08/16/2022","AQS","490352005","1","0.1","ppm","1","Copper View","24","100.0000","42101","Carbon monoxide","093","41620","Salt Lake City, UT","49","Utah","035","Salt Lake","40.598056","-111.894167"
"08/17/2022","AQS","490352005","1","0.1","ppm","1","Copper View","24","100.0000","42101","Carbon monoxide","093","41620","Salt Lake City, UT","49","Utah","035","Salt Lake","40.598056","-111.894167"
"08/18/2022","AQS","490352005","1","0.1","ppm","1","Copper View","24","100.0000","42101","Carbon monoxide","093","41620","Salt Lake City, UT","49","Utah","035","Salt Lake","40.598056","-111.894167"
"08/19/2022","AQS","490352005","1","0.1","ppm","1","Copper View","24","100.0000","42101","Carbon monoxide","093","41620","Salt Lake City, UT","49","Utah","035","Salt Lake","40.598056","-111.894167"
"08/20/2022","AQS","490352005","1","0.1","ppm","1","Copper View","24","100.0000","42101","Carbon monoxide","093","41620","Salt Lake City, UT","49","Utah","035","Salt Lake","40.598056","-111.894167"
"08/21/2022","AQS","490352005","1","0.1","ppm","1","Copper View","24","100.0000","42101","Carbon monoxide","093","41620","Salt Lake City, UT","49","Utah","035","Salt Lake","40.598056","-111.894167"
"08/22/2022","AQS","490352005","1","0.1","ppm","1","Copper View","24","100.0000","42101","Carbon monoxide","093","41620","Salt Lake City, UT","49","Utah","035","Salt Lake","40.598056","-111.894167"
"08/23/2022","AQS","490352005","1","0.2","ppm","2","Copper View","24","100.0000","42101","Carbon monoxide","093","41620","Salt Lake City, UT","49","Utah","035","Salt Lake","40.598056","-111.894167"
"08/24/2022","AQS","490352005","1","0.1","ppm","1","Copper View","24","100.0000","42101","Carbon monoxide","093","41620","Salt Lake City, UT","49","Utah","035","Salt Lake","40.598056","-111.894167"
"08/25/2022","AQS","490352005","1","0.1","ppm","1","Copper View","24","100.0000","42101","Carbon monoxide","093","41620","Salt Lake City, UT","49","Utah","035","Salt Lake","40.598056","-111.894167"
"08/26/2022","AQS","490352005","1","0.1","ppm","1","Copper View","24","100.0000","42101","Carbon monoxide","093","41620","Salt Lake City, UT","49","Utah","035","Salt Lake","40.598056","-111.894167"
"08/27/2022","AQS","490352005","1","0.1","ppm","1","Copper View","24","100.0000","42101","Carbon monoxide","093","41620","Salt Lake City, UT","49","Utah","035","Salt Lake","40.598056","-111.894167"
"08/28/2022","AQS","490352005","1","0.1","ppm","1","Copper View","24","100.0000","42101","Carbon monoxide","093","41620","Salt Lake City, UT","49","Utah","035","Salt Lake","40.598056","-111.894167"
"08/29/2022","AQS","490352005","1","0.2","ppm","2","Copper View","24","100.0000","42101","Carbon monoxide","093","41620","Salt Lake City, UT","49","Utah","035","Salt Lake","40.598056","-111.894167"
"08/30/2022","AQS","490352005","1","0.2","ppm","2","Copper View","24","100.0000","42101","Carbon monoxide","093","41620","Salt Lake City, UT","49","Utah","035","Salt Lake","40.598056","-111.894167"
"08/31/2022","AQS","490352005","1","0.2","ppm","2","Copper View","24","100.0000","42101","Carbon monoxide","093","41620","Salt Lake City, UT","49","Utah","035","Salt Lake","40.598056","-111.894167"
"09/01/2022","AQS","490352005","1","0.2","ppm","2","Copper View","24","100.0000","42101","Carbon monoxide","093","41620","Salt Lake City, UT","49","Utah","035","Salt Lake","40.598056","-111.894167"
"09/02/2022","AQS","490352005","1","0.2","ppm","2","Copper View","24","100.0000","42101","Carbon monoxide","093","41620","Salt Lake City, UT","49","Utah","035","Salt Lake","40.598056","-111.894167"
"09/03/2022","AQS","490352005","1","0.2","ppm","2","Copper View","24","100.0000","42101","Carbon monoxide","093","41620","Salt Lake City, UT","49","Utah","035","Salt Lake","40.598056","-111.894167"
"09/04/2022","AQS","490352005","1","0.2","ppm","2","Copper View","24","100.0000","42101","Carbon monoxide","093","41620","Salt Lake City, UT","49","Utah","035","Salt Lake","40.598056","-111.894167"
"09/05/2022","AQS","490352005","1","0.2","ppm","2","Copper View","24","100.0000","42101","Carbon monoxide","093","41620","Salt Lake City, UT","49","Utah","035","Salt Lake","40.598056","-111.894167"
"09/06/2022","AQS","490352005","1","0.3","ppm","3","Copper View","24","100.0000","42101","Carbon monoxide","093","41620","Salt Lake City, UT","49","Utah","035","Salt Lake","40.598056","-111.894167"
"09/07/2022","AQS","490352005","1","0.2","ppm","2","Copper View","24","100.0000","42101","Carbon monoxide","093","41620","Salt Lake City, UT","49","Utah","035","Salt Lake","40.598056","-111.894167"
"09/08/2022","AQS","490352005","1","0.3","ppm","3","Copper View","24","100.0000","42101","Carbon monoxide","093","41620","Salt Lake City, UT","49","Utah","035","Salt Lake","40.598056","-111.894167"
"09/09/2022","AQS","490352005","1","0.3","ppm","3","Copper View","17","71.0000","42101","Carbon monoxide","093","41620","Salt Lake City, UT","49","Utah","035","Salt Lake","40.598056","-111.894167"
"09/10/2022","AQS","490352005","1","0.4","ppm","5","Copper View","24","100.0000","42101","Carbon monoxide","093","41620","Salt Lake City, UT","49","Utah","035","Salt Lake","40.598056","-111.894167"
"09/11/2022","AQS","490352005","1","0.4","ppm","5","Copper View","24","100.0000","42101","Carbon monoxide","093","41620","Salt Lake City, UT","49","Utah","035","Salt Lake","40.598056","-111.894167"
"09/12/2022","AQS","490352005","1","0.3","ppm","3","Copper View","24","100.0000","42101","Carbon monoxide","093","41620","Salt Lake City, UT","49","Utah","035","Salt Lake","40.598056","-111.894167"
"09/13/2022","AQS","490352005","1","0.2","ppm","2","Copper View","24","100.0000","42101","Carbon monoxide","093","41620","Salt Lake City, UT","49","Utah","035","Salt Lake","40.598056","-111.894167"
"09/14/2022","AQS","490352005","1","0","ppm","0","Copper View","24","100.0000","42101","Carbon monoxide","093","41620","Salt Lake City, UT","49","Utah","035","Salt Lake","40.598056","-111.894167"
"09/15/2022","AQS","490352005","1","0.1","ppm","1","Copper View","24","100.0000","42101","Carbon monoxide","093","41620","Salt Lake City, UT","49","Utah","035","Salt Lake","40.598056","-111.894167"
"09/16/2022","AQS","490352005","1","0.1","ppm","1","Copper View","24","100.0000","42101","Carbon monoxide","093","41620","Salt Lake City, UT","49","Utah","035","Salt Lake","40.598056","-111.894167"
"09/17/2022","AQS","490352005","1","0.1","ppm","1","Copper View","24","100.0000","42101","Carbon monoxide","093","41620","Salt Lake City, UT","49","Utah","035","Salt Lake","40.598056","-111.894167"
"09/18/2022","AQS","490352005","1","0.1","ppm","1","Copper View","24","100.0000","42101","Carbon monoxide","093","41620","Salt Lake City, UT","49","Utah","035","Salt Lake","40.598056","-111.894167"
"09/19/2022","AQS","490352005","1","0","ppm","0","Copper View","24","100.0000","42101","Carbon monoxide","093","41620","Salt Lake City, UT","49","Utah","035","Salt Lake","40.598056","-111.894167"
"09/20/2022","AQS","490352005","1","0","ppm","0","Copper View","24","100.0000","42101","Carbon monoxide","093","41620","Salt Lake City, UT","49","Utah","035","Salt Lake","40.598056","-111.894167"
"09/21/2022","AQS","490352005","1","0.1","ppm","1","Copper View","24","100.0000","42101","Carbon monoxide","093","41620","Salt Lake City, UT","49","Utah","035","Salt Lake","40.598056","-111.894167"
"09/22/2022","AQS","490352005","1","0.1","ppm","1","Copper View","24","100.0000","42101","Carbon monoxide","093","41620","Salt Lake City, UT","49","Utah","035","Salt Lake","40.598056","-111.894167"
"09/23/2022","AQS","490352005","1","0.2","ppm","2","Copper View","24","100.0000","42101","Carbon monoxide","093","41620","Salt Lake City, UT","49","Utah","035","Salt Lake","40.598056","-111.894167"
"09/24/2022","AQS","490352005","1","0.2","ppm","2","Copper View","24","100.0000","42101","Carbon monoxide","093","41620","Salt Lake City, UT","49","Utah","035","Salt Lake","40.598056","-111.894167"
"09/25/2022","AQS","490352005","1","0.3","ppm","3","Copper View","24","100.0000","42101","Carbon monoxide","093","41620","Salt Lake City, UT","49","Utah","035","Salt Lake","40.598056","-111.894167"
"09/26/2022","AQS","490352005","1","0.2","ppm","2","Copper View","24","100.0000","42101","Carbon monoxide","093","41620","Salt Lake City, UT","49","Utah","035","Salt Lake","40.598056","-111.894167"
"09/27/2022","AQS","490352005","1","0.2","ppm","2","Copper View","24","100.0000","42101","Carbon monoxide","093","41620","Salt Lake City, UT","49","Utah","035","Salt Lake","40.598056","-111.894167"
"09/28/2022","AQS","490352005","1","0.2","ppm","2","Copper View","24","100.0000","42101","Carbon monoxide","093","41620","Salt Lake City, UT","49","Utah","035","Salt Lake","40.598056","-111.894167"
"09/29/2022","AQS","490352005","1","0","ppm","0","Copper View","24","100.0000","42101","Carbon monoxide","093","41620","Salt Lake City, UT","49","Utah","035","Salt Lake","40.598056","-111.894167"
"09/30/2022","AQS","490352005","1","0.1","ppm","1","Copper View","24","100.0000","42101","Carbon monoxide","093","41620","Salt Lake City, UT","49","Utah","035","Salt Lake","40.598056","-111.894167"
"10/01/2022","AQS","490352005","1","0.2","ppm","2","Copper View","24","100.0000","42101","Carbon monoxide","093","41620","Salt Lake City, UT","49","Utah","035","Salt Lake","40.598056","-111.894167"
"10/02/2022","AQS","490352005","1","0.2","ppm","2","Copper View","24","100.0000","42101","Carbon monoxide","093","41620","Salt Lake City, UT","49","Utah","035","Salt Lake","40.598056","-111.894167"
"10/03/2022","AQS","490352005","1","0.2","ppm","2","Copper View","24","100.0000","42101","Carbon monoxide","093","41620","Salt Lake City, UT","49","Utah","035","Salt Lake","40.598056","-111.894167"
"10/04/2022","AQS","490352005","1","0.2","ppm","2","Copper View","24","100.0000","42101","Carbon monoxide","093","41620","Salt Lake City, UT","49","Utah","035","Salt Lake","40.598056","-111.894167"
"10/05/2022","AQS","490352005","1","0.2","ppm","2","Copper View","24","100.0000","42101","Carbon monoxide","093","41620","Salt Lake City, UT","49","Utah","035","Salt Lake","40.598056","-111.894167"
"10/06/2022","AQS","490352005","1","0.2","ppm","2","Copper View","24","100.0000","42101","Carbon monoxide","093","41620","Salt Lake City, UT","49","Utah","035","Salt Lake","40.598056","-111.894167"
"10/07/2022","AQS","490352005","1","0.2","ppm","2","Copper View","24","100.0000","42101","Carbon monoxide","093","41620","Salt Lake City, UT","49","Utah","035","Salt Lake","40.598056","-111.894167"
"10/08/2022","AQS","490352005","1","0.2","ppm","2","Copper View","24","100.0000","42101","Carbon monoxide","093","41620","Salt Lake City, UT","49","Utah","035","Salt Lake","40.598056","-111.894167"
"10/09/2022","AQS","490352005","1","0.2","ppm","2","Copper View","24","100.0000","42101","Carbon monoxide","093","41620","Salt Lake City, UT","49","Utah","035","Salt Lake","40.598056","-111.894167"
"10/10/2022","AQS","490352005","1","0.2","ppm","2","Copper View","24","100.0000","42101","Carbon monoxide","093","41620","Salt Lake City, UT","49","Utah","035","Salt Lake","40.598056","-111.894167"
"10/11/2022","AQS","490352005","1","0.2","ppm","2","Copper View","24","100.0000","42101","Carbon monoxide","093","41620","Salt Lake City, UT","49","Utah","035","Salt Lake","40.598056","-111.894167"
"10/12/2022","AQS","490352005","1","0.2","ppm","2","Copper View","24","100.0000","42101","Carbon monoxide","093","41620","Salt Lake City, UT","49","Utah","035","Salt Lake","40.598056","-111.894167"
"10/13/2022","AQS","490352005","1","0.2","ppm","2","Copper View","24","100.0000","42101","Carbon monoxide","093","41620","Salt Lake City, UT","49","Utah","035","Salt Lake","40.598056","-111.894167"
"10/14/2022","AQS","490352005","1","0.3","ppm","3","Copper View","24","100.0000","42101","Carbon monoxide","093","41620","Salt Lake City, UT","49","Utah","035","Salt Lake","40.598056","-111.894167"
"10/15/2022","AQS","490352005","1","0.3","ppm","3","Copper View","24","100.0000","42101","Carbon monoxide","093","41620","Salt Lake City, UT","49","Utah","035","Salt Lake","40.598056","-111.894167"
"10/16/2022","AQS","490352005","1","0.2","ppm","2","Copper View","24","100.0000","42101","Carbon monoxide","093","41620","Salt Lake City, UT","49","Utah","035","Salt Lake","40.598056","-111.894167"
"10/17/2022","AQS","490352005","1","0.3","ppm","3","Copper View","24","100.0000","42101","Carbon monoxide","093","41620","Salt Lake City, UT","49","Utah","035","Salt Lake","40.598056","-111.894167"
"10/18/2022","AQS","490352005","1","0.4","ppm","5","Copper View","24","100.0000","42101","Carbon monoxide","093","41620","Salt Lake City, UT","49","Utah","035","Salt Lake","40.598056","-111.894167"
"10/19/2022","AQS","490352005","1","0.3","ppm","3","Copper View","24","100.0000","42101","Carbon monoxide","093","41620","Salt Lake City, UT","49","Utah","035","Salt Lake","40.598056","-111.894167"
"10/20/2022","AQS","490352005","1","0.3","ppm","3","Copper View","24","100.0000","42101","Carbon monoxide","093","41620","Salt Lake City, UT","49","Utah","035","Salt Lake","40.598056","-111.894167"
"10/21/2022","AQS","490352005","1","0.3","ppm","3","Copper View","24","100.0000","42101","Carbon monoxide","093","41620","Salt Lake City, UT","49","Utah","035","Salt Lake","40.598056","-111.894167"
"10/22/2022","AQS","490352005","1","0.1","ppm","1","Copper View","24","100.0000","42101","Carbon monoxide","093","41620","Salt Lake City, UT","49","Utah","035","Salt Lake","40.598056","-111.894167"
"10/23/2022","AQS","490352005","1","0","ppm","0","Copper View","24","100.0000","42101","Carbon monoxide","093","41620","Salt Lake City, UT","49","Utah","035","Salt Lake","40.598056","-111.894167"
"10/24/2022","AQS","490352005","1","0.2","ppm","2","Copper View","24","100.0000","42101","Carbon monoxide","093","41620","Salt Lake City, UT","49","Utah","035","Salt Lake","40.598056","-111.894167"
"10/25/2022","AQS","490352005","1","0.1","ppm","1","Copper View","24","100.0000","42101","Carbon monoxide","093","41620","Salt Lake City, UT","49","Utah","035","Salt Lake","40.598056","-111.894167"
"10/26/2022","AQS","490352005","1","0.1","ppm","1","Copper View","24","100.0000","42101","Carbon monoxide","093","41620","Salt Lake City, UT","49","Utah","035","Salt Lake","40.598056","-111.894167"
"10/27/2022","AQS","490352005","1","0.4","ppm","5","Copper View","24","100.0000","42101","Carbon monoxide","093","41620","Salt Lake City, UT","49","Utah","035","Salt Lake","40.598056","-111.894167"
"10/28/2022","AQS","490352005","1","0.4","ppm","5","Copper View","24","100.0000","42101","Carbon monoxide","093","41620","Salt Lake City, UT","49","Utah","035","Salt Lake","40.598056","-111.894167"
"10/29/2022","AQS","490352005","1","0.4","ppm","5","Copper View","24","100.0000","42101","Carbon monoxide","093","41620","Salt Lake City, UT","49","Utah","035","Salt Lake","40.598056","-111.894167"
"10/30/2022","AQS","490352005","1","0.3","ppm","3","Copper View","24","100.0000","42101","Carbon monoxide","093","41620","Salt Lake City, UT","49","Utah","035","Salt Lake","40.598056","-111.894167"
"10/31/2022","AQS","490352005","1","0.2","ppm","2","Copper View","24","100.0000","42101","Carbon monoxide","093","41620","Salt Lake City, UT","49","Utah","035","Salt Lake","40.598056","-111.894167"
"11/01/2022","AQS","490352005","1","0.2","ppm","2","Copper View","24","100.0000","42101","Carbon monoxide","093","41620","Salt Lake City, UT","49","Utah","035","Salt Lake","40.598056","-111.894167"
"11/02/2022","AQS","490352005","1","0","ppm","0","Copper View","24","100.0000","42101","Carbon monoxide","093","41620","Salt Lake City, UT","49","Utah","035","Salt Lake","40.598056","-111.894167"
"11/03/2022","AQS","490352005","1","0","ppm","0","Copper View","24","100.0000","42101","Carbon monoxide","093","41620","Salt Lake City, UT","49","Utah","035","Salt Lake","40.598056","-111.894167"
"11/04/2022","AQS","490352005","1","0.2","ppm","2","Copper View","24","100.0000","42101","Carbon monoxide","093","41620","Salt Lake City, UT","49","Utah","035","Salt Lake","40.598056","-111.894167"
"11/05/2022","AQS","490352005","1","0","ppm","0","Copper View","24","100.0000","42101","Carbon monoxide","093","41620","Salt Lake City, UT","49","Utah","035","Salt Lake","40.598056","-111.894167"
"11/06/2022","AQS","490352005","1","0","ppm","0","Copper View","24","100.0000","42101","Carbon monoxide","093","41620","Salt Lake City, UT","49","Utah","035","Salt Lake","40.598056","-111.894167"
"11/07/2022","AQS","490352005","1","0","ppm","0","Copper View","24","100.0000","42101","Carbon monoxide","093","41620","Salt Lake City, UT","49","Utah","035","Salt Lake","40.598056","-111.894167"
"11/08/2022","AQS","490352005","1","0.1","ppm","1","Copper View","24","100.0000","42101","Carbon monoxide","093","41620","Salt Lake City, UT","49","Utah","035","Salt Lake","40.598056","-111.894167"
"11/09/2022","AQS","490352005","1","0.1","ppm","1","Copper View","24","100.0000","42101","Carbon monoxide","093","41620","Salt Lake City, UT","49","Utah","035","Salt Lake","40.598056","-111.894167"
"11/10/2022","AQS","490352005","1","0.1","ppm","1","Copper View","24","100.0000","42101","Carbon monoxide","093","41620","Salt Lake City, UT","49","Utah","035","Salt Lake","40.598056","-111.894167"
"11/11/2022","AQS","490352005","1","0.3","ppm","3","Copper View","24","100.0000","42101","Carbon monoxide","093","41620","Salt Lake City, UT","49","Utah","035","Salt Lake","40.598056","-111.894167"
"11/12/2022","AQS","490352005","1","0.4","ppm","5","Copper View","24","100.0000","42101","Carbon monoxide","093","41620","Salt Lake City, UT","49","Utah","035","Salt Lake","40.598056","-111.894167"
"11/13/2022","AQS","490352005","1","0.5","ppm","6","Copper View","24","100.0000","42101","Carbon monoxide","093","41620","Salt Lake City, UT","49","Utah","035","Salt Lake","40.598056","-111.894167"
"11/14/2022","AQS","490352005","1","0.2","ppm","2","Copper View","24","100.0000","42101","Carbon monoxide","093","41620","Salt Lake City, UT","49","Utah","035","Salt Lake","40.598056","-111.894167"
"11/15/2022","AQS","490352005","1","0.4","ppm","5","Copper View","24","100.0000","42101","Carbon monoxide","093","41620","Salt Lake City, UT","49","Utah","035","Salt Lake","40.598056","-111.894167"
"11/16/2022","AQS","490352005","1","0.3","ppm","3","Copper View","24","100.0000","42101","Carbon monoxide","093","41620","Salt Lake City, UT","49","Utah","035","Salt Lake","40.598056","-111.894167"
"11/17/2022","AQS","490352005","1","0.5","ppm","6","Copper View","24","100.0000","42101","Carbon monoxide","093","41620","Salt Lake City, UT","49","Utah","035","Salt Lake","40.598056","-111.894167"
"11/18/2022","AQS","490352005","1","0.3","ppm","3","Copper View","24","100.0000","42101","Carbon monoxide","093","41620","Salt Lake City, UT","49","Utah","035","Salt Lake","40.598056","-111.894167"
"11/19/2022","AQS","490352005","1","0.4","ppm","5","Copper View","24","100.0000","42101","Carbon monoxide","093","41620","Salt Lake City, UT","49","Utah","035","Salt Lake","40.598056","-111.894167"
"11/20/2022","AQS","490352005","1","0.5","ppm","6","Copper View","24","100.0000","42101","Carbon monoxide","093","41620","Salt Lake City, UT","49","Utah","035","Salt Lake","40.598056","-111.894167"
"11/21/2022","AQS","490352005","1","0.6","ppm","7","Copper View","24","100.0000","42101","Carbon monoxide","093","41620","Salt Lake City, UT","49","Utah","035","Salt Lake","40.598056","-111.894167"
"11/22/2022","AQS","490352005","1","0.7","ppm","8","Copper View","24","100.0000","42101","Carbon monoxide","093","41620","Salt Lake City, UT","49","Utah","035","Salt Lake","40.598056","-111.894167"
"11/23/2022","AQS","490352005","1","0.5","ppm","6","Copper View","24","100.0000","42101","Carbon monoxide","093","41620","Salt Lake City, UT","49","Utah","035","Salt Lake","40.598056","-111.894167"
"11/24/2022","AQS","490352005","1","0.3","ppm","3","Copper View","24","100.0000","42101","Carbon monoxide","093","41620","Salt Lake City, UT","49","Utah","035","Salt Lake","40.598056","-111.894167"
"11/25/2022","AQS","490352005","1","0.4","ppm","5","Copper View","24","100.0000","42101","Carbon monoxide","093","41620","Salt Lake City, UT","49","Utah","035","Salt Lake","40.598056","-111.894167"
"11/26/2022","AQS","490352005","1","0.5","ppm","6","Copper View","24","100.0000","42101","Carbon monoxide","093","41620","Salt Lake City, UT","49","Utah","035","Salt Lake","40.598056","-111.894167"
"11/27/2022","AQS","490352005","1","0.1","ppm","1","Copper View","24","100.0000","42101","Carbon monoxide","093","41620","Salt Lake City, UT","49","Utah","035","Salt Lake","40.598056","-111.894167"
"11/28/2022","AQS","490352005","1","0.1","ppm","1","Copper View","24","100.0000","42101","Carbon monoxide","093","41620","Salt Lake City, UT","49","Utah","035","Salt Lake","40.598056","-111.894167"
"11/29/2022","AQS","490352005","1","0.2","ppm","2","Copper View","24","100.0000","42101","Carbon monoxide","093","41620","Salt Lake City, UT","49","Utah","035","Salt Lake","40.598056","-111.894167"
"11/30/2022","AQS","490352005","1","0.2","ppm","2","Copper View","24","100.0000","42101","Carbon monoxide","093","41620","Salt Lake City, UT","49","Utah","035","Salt Lake","40.598056","-111.894167"
"12/01/2022","AQS","490352005","1","0.1","ppm","1","Copper View","24","100.0000","42101","Carbon monoxide","093","41620","Salt Lake City, UT","49","Utah","035","Salt Lake","40.598056","-111.894167"
"12/02/2022","AQS","490352005","1","0.7","ppm","8","Copper View","18","75.0000","42101","Carbon monoxide","093","41620","Salt Lake City, UT","49","Utah","035","Salt Lake","40.598056","-111.894167"
"12/03/2022","AQS","490352005","1","0.8","ppm","9","Copper View","24","100.0000","42101","Carbon monoxide","093","41620","Salt Lake City, UT","49","Utah","035","Salt Lake","40.598056","-111.894167"
"12/04/2022","AQS","490352005","1","0.7","ppm","8","Copper View","24","100.0000","42101","Carbon monoxide","093","41620","Salt Lake City, UT","49","Utah","035","Salt Lake","40.598056","-111.894167"
"12/05/2022","AQS","490352005","1","0.4","ppm","5","Copper View","24","100.0000","42101","Carbon monoxide","093","41620","Salt Lake City, UT","49","Utah","035","Salt Lake","40.598056","-111.894167"
"12/06/2022","AQS","490352005","1","0.7","ppm","8","Copper View","24","100.0000","42101","Carbon monoxide","093","41620","Salt Lake City, UT","49","Utah","035","Salt Lake","40.598056","-111.894167"
"12/07/2022","AQS","490352005","1","0.4","ppm","5","Copper View","24","100.0000","42101","Carbon monoxide","093","41620","Salt Lake City, UT","49","Utah","035","Salt Lake","40.598056","-111.894167"
"12/08/2022","AQS","490352005","1","0.4","ppm","5","Copper View","24","100.0000","42101","Carbon monoxide","093","41620","Salt Lake City, UT","49","Utah","035","Salt Lake","40.598056","-111.894167"
"12/09/2022","AQS","490352005","1","0.4","ppm","5","Copper View","24","100.0000","42101","Carbon monoxide","093","41620","Salt Lake City, UT","49","Utah","035","Salt Lake","40.598056","-111.894167"
"12/10/2022","AQS","490352005","1","0.4","ppm","5","Copper View","24","100.0000","42101","Carbon monoxide","093","41620","Salt Lake City, UT","49","Utah","035","Salt Lake","40.598056","-111.894167"
"12/11/2022","AQS","490352005","1","0.1","ppm","1","Copper View","24","100.0000","42101","Carbon monoxide","093","41620","Salt Lake City, UT","49","Utah","035","Salt Lake","40.598056","-111.894167"
"12/12/2022","AQS","490352005","1","0.1","ppm","1","Copper View","24","100.0000","42101","Carbon monoxide","093","41620","Salt Lake City, UT","49","Utah","035","Salt Lake","40.598056","-111.894167"
"12/13/2022","AQS","490352005","1","0.2","ppm","2","Copper View","24","100.0000","42101","Carbon monoxide","093","41620","Salt Lake City, UT","49","Utah","035","Salt Lake","40.598056","-111.894167"
"12/14/2022","AQS","490352005","1","0.2","ppm","2","Copper View","24","100.0000","42101","Carbon monoxide","093","41620","Salt Lake City, UT","49","Utah","035","Salt Lake","40.598056","-111.894167"
"12/15/2022","AQS","490352005","1","0.3","ppm","3","Copper View","24","100.0000","42101","Carbon monoxide","093","41620","Salt Lake City, UT","49","Utah","035","Salt Lake","40.598056","-111.894167"
"12/16/2022","AQS","490352005","1","0.4","ppm","5","Copper View","24","100.0000","42101","Carbon monoxide","093","41620","Salt Lake City, UT","49","Utah","035","Salt Lake","40.598056","-111.894167"
"12/17/2022","AQS","490352005","1","0.6","ppm","7","Copper View","24","100.0000","42101","Carbon monoxide","093","41620","Salt Lake City, UT","49","Utah","035","Salt Lake","40.598056","-111.894167"
"12/18/2022","AQS","490352005","1","0.7","ppm","8","Copper View","24","100.0000","42101","Carbon monoxide","093","41620","Salt Lake City, UT","49","Utah","035","Salt Lake","40.598056","-111.894167"
"12/19/2022","AQS","490352005","1","0.8","ppm","9","Copper View","24","100.0000","42101","Carbon monoxide","093","41620","Salt Lake City, UT","49","Utah","035","Salt Lake","40.598056","-111.894167"
"12/20/2022","AQS","490352005","1","0.8","ppm","9","Copper View","24","100.0000","42101","Carbon monoxide","093","41620","Salt Lake City, UT","49","Utah","035","Salt Lake","40.598056","-111.894167"
"12/21/2022","AQS","490352005","1","0.7","ppm","8","Copper View","24","100.0000","42101","Carbon monoxide","093","41620","Salt Lake City, UT","49","Utah","035","Salt Lake","40.598056","-111.894167"
"12/22/2022","AQS","490352005","1","0.2","ppm","2","Copper View","24","100.0000","42101","Carbon monoxide","093","41620","Salt Lake City, UT","49","Utah","035","Salt Lake","40.598056","-111.894167"
"12/23/2022","AQS","490352005","1","0.4","ppm","5","Copper View","24","100.0000","42101","Carbon monoxide","093","41620","Salt Lake City, UT","49","Utah","035","Salt Lake","40.598056","-111.894167"
"12/24/2022","AQS","490352005","1","0.8","ppm","9","Copper View","24","100.0000","42101","Carbon monoxide","093","41620","Salt Lake City, UT","49","Utah","035","Salt Lake","40.598056","-111.894167"
"12/25/2022","AQS","490352005","1","1","ppm","11","Copper View","24","100.0000","42101","Carbon monoxide","093","41620","Salt Lake City, UT","49","Utah","035","Salt Lake","40.598056","-111.894167"
"12/26/2022","AQS","490352005","1","0.4","ppm","5","Copper View","24","100.0000","42101","Carbon monoxide","093","41620","Salt Lake City, UT","49","Utah","035","Salt Lake","40.598056","-111.894167"
"12/27/2022","AQS","490352005","1","0.4","ppm","5","Copper View","24","100.0000","42101","Carbon monoxide","093","41620","Salt Lake City, UT","49","Utah","035","Salt Lake","40.598056","-111.894167"
"12/28/2022","AQS","490352005","1","0.1","ppm","1","Copper View","24","100.0000","42101","Carbon monoxide","093","41620","Salt Lake City, UT","49","Utah","035","Salt Lake","40.598056","-111.894167"
"12/29/2022","AQS","490352005","1","0.1","ppm","1","Copper View","24","100.0000","42101","Carbon monoxide","093","41620","Salt Lake City, UT","49","Utah","035","Salt Lake","40.598056","-111.894167"
"12/30/2022","AQS","490352005","1","0.1","ppm","1","Copper View","24","100.0000","42101","Carbon monoxide","093","41620","Salt Lake City, UT","49","Utah","035","Salt Lake","40.598056","-111.894167"
"12/31/2022","AQS","490352005","1","0","ppm","0","Copper View","24","100.0000","42101","Carbon monoxide","093","41620","Salt Lake City, UT","49","Utah","035","Salt Lake","40.598056","-111.894167"
